	Name	Tags	Type	Source Zone	Source Address	Source User	Source Device	Destination Zone	Destination Address	Destination Device	Application	Service	Action	Profile	Options	Rule Usage Hit Count	Rule Usage Last Hit	Rule Usage First Hit	Rule Usage Apps Seen	Days With No New Apps	Modified	Created	Disabled rule	Any to Any Rule	Zero hit Rule
1	MALICIOUS IP BLOCK	MPLS-LAN	universal	MPLS	192.166.244.243/32;CERTINE IP GROUP-1;CERTINE IP-8 JULY-25;MALICIOUS IP GROUP;MALICIOUS URL	any	any	LAN	any	any	any	any	Deny	none	Traffic log sent at session end	184892	06-06-2026 12:10	13-09-2025 19:01	-	-	13-09-2025 19:41	13-09-2025 13:41	[Disabled]  Temp_Internet_	DNS_OPEN	SIL TO HEAD OFFICE NEW  6.3 SERVER
2	[Disabled]  Temp_Internet_	[Disabled] none	[Disabled] universal	[Disabled]  LAN	[Disabled]  10.10.30.93/32	[Disabled]  any	[Disabled]  any	[Disabled]  WAN	[Disabled]  any	[Disabled]  any	[Disabled]  any	[Disabled]  any	[Disabled]  Allow	none	Traffic log sent at session end	3548	04-06-2026 12:06	28-05-2026 04:20	10	2	04-06-2026 12:08	16-04-2026 12:09	[Disabled]  SCHEDULE BASE INTERNET BLOCK		HEAD OFFICE TO SIL TO NEW  6.3 SERVER
3	EJ SERVER TO PALI ATM	LAN-MPLS	universal	LAN	172.29.19.15/32	any	any	MPLS	172.21.19.21/32	any	any	TCP_ 7080;TCP_6105	Allow	Profile Group: RDCC Bank	Traffic log sent at session end	23	06-06-2026 01:01	29-05-2026 16:13	1	8	02-04-2026 16:04	02-04-2026 15:59	[Disabled]  BRANCH TO DC BLOCK		SIL_Commuication_Airtel
4	KAMESH TEST	LAN-WAN	universal	LAN	10.10.240.66/32;10.10.240.67/32;10.10.240.68/32;10.10.240.71/2;10.10.240.73/32;10.10.240.80/32;10.10.240.81/32;192.168.0.91;192.168.0.93;192.168.0.243/32;192.168.11.43;192.168.11.140/32;192.168.11.185/32;192.168.11.186/32;192.168.11.205/32;192.168.21.14/32	any	any	WAN	any	any	any	any	Allow	Antivirus: default;Anti-Spyware: strict;Vulnerability Protection: strict	Traffic log sent at session end	8325899	06-06-2026 12:49	04-03-2026 12:45	142	1	04-06-2026 11:42	04-03-2026 12:45	[Disabled]  WEEKEND INTERNET BLOCK		SOC TO NDR CR SWITCH
5	SIL TO HEAD OFFICE NEW  6.3 SERVER	MPLS-LAN	universal	MPLS	10.101.6.71/32	any	any	LAN	192.168.21.101/32	any	ping;traceroute	service-https	Allow	Profile Group: RDCC Bank	Traffic log sent at session end	0	-	-	-	-	06-05-2026 19:13	07-04-2026 16:42	[Disabled]  BRANCH TO DC WEEKEND BLOCK		SOPHOS ALLOWED
6	HEAD OFFICE TO SIL TO NEW  6.3 SERVER	LAN-MPLS	universal	LAN	192.168.21.13/32	any	any	MPLS	10.101.17.50/32	any	ping;traceroute	service-https	Allow	Profile Group: RDCC Bank	Traffic log sent at session end	0	-	-	-	-	06-05-2026 19:13	06-05-2026 19:08	[Disabled]  DENY  INTERNET		NDR DATA BASE ACCES
7	HEAD OFFICE TO SIL 6.3	LAN-MPLS	universal	LAN	192.168.21.101/32	any	any	MPLS	10.101.6.71/32	any	any	any	Allow	Profile Group: RDCC Bank	Traffic log sent at session end	93	06-06-2026 11:58	02-06-2026 16:14	1	4	17-04-2026 16:14	07-04-2026 16:50	[Disabled]  NTP to Google NTP		AAdhar_seeding
8	NEW 6.3 TO NEW  21  SERVER	MPLS-LAN	universal	MPLS	10.101.17.50/32	any	any	LAN	192.168.21.13/32	any	any	any	Allow	Profile Group: RDCC Bank	Traffic log sent at session end	71	04-06-2026 12:46	30-05-2026 15:45	1	7	13-05-2026 17:58	06-05-2026 19:08	[Disabled]  Sagar to GST		
9	Restricted_Country BLOCK TO MAIL	MPLS-LAN	universal	MPLS	BD;ZA	any	any	LAN	192.168.11.149/32	any	any	any	Deny	none	Traffic log sent at session end	59	05-02-2026 02:45	18-01-2026 11:50	-	-	15-01-2026 15:09	12-01-2026 12:38	[Disabled]  PAM360		
10	NPCI Acces	LAN-MPLS	universal	LAN	192.168.0.31/32;192.168.0.96/32;192.168.0.101/32;192.168.0.110/32;192.168.0.239/32	any	any	MPLS	172.20.4.7/32	any	any	any	Allow	Profile Group: RDCC Bank	Traffic log sent at session end	802	10-03-2026 12:14	09-03-2026 15:18	2	89	09-03-2026 15:14	07-03-2026 10:29	[Disabled]  APC- CCTV		
11	TELEGRAM BLOCK-1	LAN-WAN	universal	LAN	any	any	any	WAN	149.154.167.51/32	any	any	5222	Deny	none	Traffic log sent at session end	2899	06-06-2026 12:44	09-02-2026 09:56	-	-	24-02-2026 16:27	06-02-2026 12:28	[Disabled]  IP_PHONES		
12	BRANCH TO DMS  SERVER	MPLS-LAN	universal	MPLS	172.16.59.0/24	any	any	LAN	192.168.11.178/32	any	any	any	Allow	Profile Group: RDCC Bank	Traffic log sent at session end	16749	21-02-2026 18:34	21-02-2026 12:14	2	105	24-02-2026 16:21	21-02-2026 12:11	[Disabled]  IB TATA		
13	NDR PAM TO DC SERVER ACCES	MPLS-LAN	universal	MPLS	192.168.110.191/32	any	any	LAN	any	any	any	any	Allow	Profile Group: RDCC Bank	Traffic log sent at session end	548828	06-06-2026 12:49	03-02-2026 12:52	15	118	03-02-2026 12:50	03-02-2026 12:50	[Disabled]  Nexx_app_TATA		
14	SOC SERVER TO  NDR  SERVER	LAN-MPLS	universal	LAN	172.29.19.102/32	any	any	MPLS	192.168.110.141/32;192.168.130.151/32	any	any	135;TCP_445	Allow	Profile Group: RDCC Bank	Traffic log sent at session end	16199	06-06-2026 11:43	28-11-2025 17:54	3	189	28-11-2025 17:54	28-11-2025 17:54	[Disabled]  IDBI NATTING		
15	MIS SERVRE TO NDR DB	LAN-MPLS	universal	LAN	192.168.15.144/32	any	any	MPLS	192.168.130.151/32	any	any	any	Allow	Profile Group: RDCC Bank	Traffic log sent at session end	1412	06-06-2026 11:10	26-12-2025 11:51	3	162	26-12-2025 11:52	26-12-2025 11:52	[Disabled]  NACH-TATA		
16	DMS TO BRANCH	LAN-MPLS	universal	LAN	192.168.11.178/32	any	any	MPLS	172.16.0.0/32;172.16.59.0/24	any	any	any	Allow	Profile Group: RDCC Bank	Traffic log sent at session end	31	21-02-2026 12:32	21-02-2026 12:32	2	105	21-02-2026 12:24	21-02-2026 12:24	[Disabled]  NACH_RULE_WAN		
17	MAIL QLC ACCES	LAN-WAN	universal	LAN	DC_OLD_USER_SUBNET	any	any	MPLS	103.19.136.4/32;Mail Push Alerts;mailpush3.qlc.in	any	any	application-default	Allow	none	Traffic log sent at session end	1753	05-06-2026 10:38	12-12-2025 12:31	2	176	12-12-2025 12:31	09-10-2025 10:55	[Disabled]  Firewall_airtel		
18	NUTANIX  NODE	LAN-WAN	universal	LAN	10.10.240.73/32	any	any	WAN	amazonaws.com;cloudfront.net;docker.com;docker.io;download.nutanix.com;github.com;githubusercontent.com;nutanix.github.io;objects.githubusercontent.com;production.cloudflare.docker.com	any	any	service-http;service-https	Allow	Profile Group: RDCC Bank	Traffic log sent at session end	417	11-03-2026 17:02	09-12-2025 10:25	3	179	18-12-2025 10:58	09-12-2025 10:24	[Disabled]  MPLS-LAN-18		
19	CISCO DUO	LAN-WAN	universal	LAN	192.168.11.196/32	any	any	WAN	Duo website;Duo Website 2	any	any	application-default	Allow	Profile Group: RDCC Bank	Traffic log sent at session end	402	06-11-2025 09:10	28-10-2025 16:13	3	217	01-11-2025 14:51	28-10-2025 15:53	[Disabled]  NTP_Internet_access1		
20	[Disabled]  SCHEDULE BASE INTERNET BLOCK	[Disabled]  LAN-WAN	[Disabled] universal	[Disabled]  LAN	[Disabled]  DC_OLD_SUBNET	[Disabled]  any	[Disabled]  any	[Disabled]  WAN	[Disabled]  any	[Disabled]  any	[Disabled]  any	[Disabled]  any	[Disabled]  Deny	Profile Group: RDCC	Traffic log sent at session end;Schedule: Evening to Morning Block	29218995	20-01-2026 00:02	18-03-2025 19:45	-	-	20-01-2026 00:03	18-03-2025 19:43	[Disabled]  SOC_SEQURETEK_LAN-REMOTE		
21	[Disabled]  BRANCH TO DC BLOCK	[Disabled]  MPLS-LAN	[Disabled] universal	[Disabled]  MPLS	[Disabled]  172.16.0.0/16	[Disabled]  any	[Disabled]  any	[Disabled]  LAN	[Disabled]  any	[Disabled]  any	[Disabled]  any	[Disabled]  any	[Disabled]  Deny	none	Traffic log sent at session end;Schedule: Evening to Morning Block	39311818	19-01-2026 23:47	16-09-2025 21:04	1	263	19-01-2026 23:47	16-09-2025 09:30	[Disabled]  SOC_SEQUETEK_WAN		
22	[Disabled]  WEEKEND INTERNET BLOCK	[Disabled]  LAN-WAN	[Disabled] universal	[Disabled]  LAN	[Disabled]  DC_OLD_USER_SUBNET	[Disabled]  any	[Disabled]  any	[Disabled]  WAN	[Disabled]  any	[Disabled]  any	[Disabled]  any	[Disabled]  any	[Disabled]  Deny	none	Traffic log sent at session end;Schedule: Weekend Block	311086	19-10-2025 11:34	21-09-2025 08:04	-	-	19-10-2025 11:34	16-09-2025 09:30	[Disabled]  NEW EPC TO BRANCH		
23	[Disabled]  BRANCH TO DC WEEKEND BLOCK	[Disabled]  MPLS-LAN	[Disabled] universal	[Disabled]  MPLS	[Disabled]  172.16.0.0/16	[Disabled]  any	[Disabled]  any	[Disabled]  LAN	[Disabled]  any	[Disabled]  any	[Disabled]  any	[Disabled]  any	[Disabled]  Deny	none	Traffic log sent at session end;Schedule: Weekend Block	31096855	08-02-2026 11:38	21-09-2025 08:04	-	-	13-02-2026 17:31	16-09-2025 09:30	[Disabled]  CSMi_Access		
24	[Disabled]  DENY  INTERNET	[Disabled] none	[Disabled] universal	[Disabled]  LAN	[Disabled]  192.168.0.89/32	[Disabled]  any	[Disabled]  any	[Disabled]  WAN	[Disabled]  any	[Disabled]  any	[Disabled]  any	[Disabled]  any	[Disabled]  Deny	none	Traffic log sent at session end	6677	16-10-2025 16:46	16-10-2025 15:54	-	-	16-10-2025 16:46	16-10-2025 15:54	[Disabled]  UAT_Server_Access		
25	Branches to FTP Server	MPLS-LAN	universal	MPLS	172.16.0.0/16	any	any	LAN	FTP_SERVER	any	ftp	application-default	Allow	none	Traffic log sent at session end	39452	06-06-2026 07:04	26-09-2025 00:00	1	253	25-09-2025 18:08	25-09-2025 18:08	[Disabled]  TOWARD  SOC		
26	NDR NODE TO DC NODE	MPLS-LAN	universal	MPLS	10.11.240.0/24	any	any	LAN	10.10.240.0/24	any	icmp;ping;ssl;unknown-tcp;web-browsing	any	Allow	Profile Group: RDCC Bank	Traffic log sent at session end	155010955	06-06-2026 12:49	26-11-2025 16:25	5	185	03-12-2025 17:54	26-11-2025 16:24	[Disabled]  Pam Acces		
27	OPManager to SIL	LAN-MPLS	universal	LAN	BRANCH_OPMANAGER;FTP_SERVER	any	any	MPLS	SIL Airtel P2P;SIL LAN	any	ftp;icmp;ping;snmp;traceroute	application-default	Allow	Profile Group: RDCC Bank	Traffic log sent at session end	263920	06-06-2026 12:31	30-09-2025 10:18	5	245	04-10-2025 11:38	30-09-2025 09:25	[Disabled]  PALI ATM TO EJ		
28	EJ Server to SIL	LAN-MPLS	universal	LAN	EJ SERVER	any	any	MPLS	10.101.5.35/32	any	ssh	application-default	Allow	none	Traffic log sent at session end	15002	06-06-2026 02:06	14-10-2025 18:57	1	235	14-10-2025 18:57	14-10-2025 18:57			
29	SIL to OPManager	MPLS-LAN	universal	MPLS	10.101.10.24/32;SIL LAN	any	any	LAN	BRANCH_OPMANAGER;FTP_SERVER	any	ftp;ping;snmp-base;traceroute	application-default	Allow	none	Traffic log sent at session end	598	05-06-2026 23:55	01-10-2025 21:02	2	248	17-12-2025 15:32	01-10-2025 21:00			
30	Palo Alto Internet	LAN-WAN	universal	LAN	10.10.240.96/32;172.29.17.147/32;192.168.0.86/32;FORTIGATE;FORTINET;PALO ALTO 1	any	any	WAN	any	any	any	any	Allow	Antivirus: default;Anti-Spyware: strict;Vulnerability Protection: strict	Traffic log sent at session end	21583339	06-06-2026 12:48	14-09-2025 23:04	259	9	28-04-2026 12:18	14-09-2025 19:23			
31	WHATS-APP BANKING	MPLS-LAN	universal	MPLS	10.101.7.116/32	any	any	LAN	172.29.19.105/32	any	any	8094	Allow	Profile Group: RDCC Bank	Traffic log sent at session end	214	05-03-2026 14:33	18-09-2025 11:55	1	261	18-09-2025 11:18	18-09-2025 11:18			
32	DFA  SERVER ACCES Palo Alto	MPLS-LAN	universal	MPLS	10.110.110.166/32	any	any	LAN	PALO ALTO 1	any	any	any	Allow	Profile Group: RDCC Bank	Traffic log sent at session end	23077	08-10-2025 09:30	09-09-2025 17:13	52	241	11-09-2025 19:56	09-09-2025 16:34			
33	CONTINEOUS CLEARING ACCES	MPLS-LAN	universal	MPLS	10.110.110.165/32	any	any	LAN	192.168.0.238/32	any	any	99;service-https	Allow	Profile Group: RDCC Bank	Traffic log sent at session end	694	01-01-2026 10:50	30-12-2025 13:27	1	157	29-09-2025 15:40	26-09-2025 12:09			
34	downloading block	LAN-WAN	universal	LAN	192.168.0.0/24	any	any	WAN	brave	any	dns;dns-base;dns-non-rfc;dns-over-https;ssl;web-browsing	any	Allow	URL Filtering: WORK_ONLY;File Blocking: strict file blocking	Traffic log sent at session end	1969	13-09-2025 00:11	13-09-2025 00:02	3	267	13-09-2025 02:17	11-09-2025 11:08			
35	DNS_OPEN	LAN-WAN	universal	LAN	any	any	any	WAN	any	any	dns;dns-base;dns-over-https;icmp;ping	application-default	Allow	none	Traffic log sent at session end	481383662	06-06-2026 12:49	26-02-2025 02:04	8	267	24-02-2026 13:33	11-02-2025 14:53			
36	C-KYC	LAN-WAN	universal	LAN	172.29.19.101/32	any	any	WAN	45.114.143.153/32	any	any	81-TCP;8578-TCP;service-http;service-https	Allow	Profile Group: RDCC Bank	Traffic log sent at session end	66078	05-06-2026 17:19	19-09-2025 12:53	1	260	09-01-2026 13:01	19-09-2025 12:51			
37	perplexity.ai Access	LAN-WAN	universal	LAN	192.168.0.87/32;192.168.0.93/32;192.168.0.121/32;192.168.0.203/32;Moses_Pc	any	any	WAN	gemini.google.com;perplexity.ai;Udemy.com	any	any	application-default	Allow	Profile Group: RDCC Bank	Traffic log sent at session end	67126	05-06-2026 18:51	24-09-2025 12:09	14	100	30-03-2026 15:10	24-09-2025 12:07			
38	CTS SERVER  TO SIL	LAN-MPLS	universal	LAN	172.29.19.105/32	any	any	MPLS	10.101.7.116/32	any	ping;telnet;traceroute	8094	Allow	Profile Group: RDCC Bank	Traffic log sent at session end	36	08-09-2025 13:32	08-09-2025 12:59	0	-	12-09-2025 20:42	04-09-2025 19:01			
39	ARRAY UPDATE INTERNET	LAN-WAN	universal	LAN	10.10.240.97/32	any	any	WAN	email server	any	any	465	Allow	Profile Group: RDCC	Traffic log sent at session end	16848	11-03-2026 20:57	12-09-2025 15:53	2	331	01-11-2025 12:53	10-07-2025 17:38			
40	DFA to SIL	LAN-MPLS	universal	LAN	10.10.30.101/32;192.168.11.241/32	any	any	MPLS	10.101.17.100/32	any	any	PAM-ACCESS	Allow	Profile Group: RDCC Bank	Traffic log sent at session end	61045	06-06-2026 12:47	08-09-2025 10:42	3	270	11-09-2025 17:06	06-09-2025 17:04			
41	INSTA PORTAL	LAN-MPLS	universal	LAN	192.168.0.0/24	any	any	MPLS	172.20.1.1/32	any	any	TCP-6039	Allow	Profile Group: RDCC Bank	Traffic log sent at session end	393	11-02-2026 17:02	12-09-2025 15:18	1	267	12-09-2025 20:42	12-09-2025 15:12			
42	FORTICLIENT_TATA	MPLS-LAN	universal	MPLS	any	any	any	LAN	10.10.150.1/32;10.110.110.165/32	any	any	4413;TCP_4433	Allow	none	Traffic log sent at session end	2235244	06-06-2026 11:59	07-11-2025 15:17	23	121	30-05-2026 01:19	01-03-2025 11:44			
43	FORTICLIENT_AIRTEL	MPLS-LAN	universal	MPLS	any	any	any	LAN	10.10.150.1/32;10.110.110.166/32	any	any	4413;service-https;TCP_4433;UDP_500	Allow	Profile Group: RDCC	Traffic log sent at session end	81	30-05-2026 01:17	29-05-2026 23:34	16	7	30-05-2026 01:15	01-03-2025 11:44			
44	SIL NACH SERVER	MPLS-LAN	universal	MPLS	10.100.10.165/32;10.101.7.0/24	any	any	LAN	172.29.19.25/32	any	any	NACH-4213;NACH-4248	Allow	Profile Group: RDCC Bank	Traffic log sent at session end	27170	06-06-2026 12:41	11-09-2025 19:03	1	268	11-09-2025 19:01	11-09-2025 19:01			
45	MAIL_SERVER_AIRTEL	MPLS-LAN	universal	MPLS	any	any	any	LAN	10.110.110.166/32;182.79.110.149/32;192.168.11.149/32	any	any	any	Allow	Profile Group: RDCC	Traffic log sent at session end	24391040	06-06-2026 12:49	13-05-2025 12:15	140	1	04-07-2025 11:37	01-03-2025 11:44			
46	MAIL_SERVER_TATA	MPLS-LAN	universal	MPLS	any	any	any	LAN	10.110.110.165/32;192.168.11.149/32	any	any	any	Allow	Profile Group: RDCC	Traffic log sent at session end	1550560	24-03-2025 19:54	01-03-2025 11:44	107	441	30-06-2025 17:34	01-03-2025 11:44			
47	DC to NDR MAIL SERVER	LAN-MPLS	universal	LAN	DC_OLD_USER_SUBNET	any	any	MPLS	NDR Mail Server	any	any	application-default	Allow	Profile Group: RDCC Bank	Traffic log sent at session end	4064	09-03-2026 12:33	04-10-2025 11:24	15	89	04-10-2025 11:23	04-10-2025 11:23			
48	DFA  SERVER ACCES TO FORTINET	MPLS-LAN	universal	MPLS	10.110.110.166/32	any	any	LAN	FORTINET	any	ssl	any	Allow	Profile Group: RDCC Bank	Traffic log sent at session end	15	09-09-2025 17:21	09-09-2025 17:21	0	-	16-09-2025 19:28	09-09-2025 17:21			
49	SIL TO PAM	MPLS-LAN	universal	MPLS	10.104.9.21/32;10.104.9.190/32;10.104.10.0/24;10.104.10.104/32;10.104.12.0/24;10.104.15.0/24;10.104.15.29/32;10.104.15.55/32;10.104.15.199/32;SIL PC UAT	any	any	LAN	192.168.11.191/32	any	any	8283;PAM-6161	Allow	Profile Group: RDCC Bank	Traffic log sent at session end	53037	06-06-2026 12:47	20-08-2025 11:57	1	268	02-06-2026 10:48	20-08-2025 11:56			
50	SIL TO UAT Server	MPLS-LAN	universal	MPLS	10.104.12.0/24	any	any	LAN	172.29.19.182/32	any	any	any	Allow	Profile Group: RDCC Bank	Traffic log sent at session end	58	14-11-2025 12:45	09-10-2025 17:56	3	204	09-10-2025 17:46	09-10-2025 17:46			
51	AIRTEL_VC	MPLS-LAN	universal	MPLS	10.110.110.166/32	any	any	LAN	10.110.110.166/32;192.168.0.114/32	any	any	any	Allow	Profile Group: RDCC	Traffic log sent at session end	3910485	06-06-2026 12:49	09-09-2025 11:55	96	1	11-09-2025 18:04	01-03-2025 11:44			
52	PFMS_TATA	MPLS-LAN	universal	MPLS	10.110.110.165/32	any	any	LAN	10.110.110.165/32;192.168.11.40/32	any	any	any	Allow	Profile Group: RDCC	Traffic log sent at session end	33292877	06-06-2026 12:49	09-09-2025 11:55	146	104	11-09-2025 18:02	01-03-2025 11:44			
53	IB_AIRTEL	MPLS-LAN	universal	MPLS	10.110.110.166/32	any	any	LAN	10.110.110.166/32;192.168.11.201/32	any	any	any	Allow	Profile Group: RDCC	Traffic log sent at session end	15377187	06-06-2026 12:49	09-09-2025 11:55	159	2	11-09-2025 18:02	01-03-2025 11:44			
54	APC_AIRTEL_NETBOT	MPLS-LAN	universal	MPLS	10.110.110.166/32	any	any	LAN	10.110.110.166/32;192.168.0.105/32	any	any	any	Allow	Profile Group: RDCC	Traffic log sent at session end	12525669	06-06-2026 12:49	09-09-2025 11:55	142	1	11-09-2025 19:01	01-03-2025 11:44			
55	DFA_AIRTEL	MPLS-LAN	universal	MPLS	10.110.110.166/32	any	any	LAN	10.10.30.100/32;10.110.110.166/32	any	any	any	Allow	Profile Group: RDCC	Traffic log sent at session end	10169031	06-06-2026 12:49	09-09-2025 11:55	134	2	12-09-2025 02:57	01-03-2025 11:44			
56	IPMI_FATPIPE_2	MPLS-LAN	universal	MPLS	10.110.110.166/32	any	any	LAN	10.10.30.150/32;10.110.110.166/32	any	any	FATPIPE_IPMI_5050;FATPIPE_IPMI_5151;service-https	Allow	Profile Group: RDCC	Traffic log sent at session end	19956	06-06-2026 12:08	09-09-2025 12:30	23	170	11-09-2025 19:56	01-03-2025 11:44			
57	IPMI_FATPIPE_1	MPLS-LAN	universal	MPLS	10.110.110.166/32	any	any	LAN	10.10.30.151/32;10.110.110.166/32	any	any	FATPIPE_IPMI_5050;FATPIPE_IPMI_5151;service-https	Allow	Profile Group: RDCC	Traffic log sent at session end	9718	06-06-2026 07:20	09-09-2025 14:40	16	187	11-09-2025 19:56	01-03-2025 11:44			
58	IDBI ACCES-SACHIN SIR	MPLS-LAN	universal	MPLS	10.110.110.165/32	any	any	LAN	192.168.0.238/32	any	any	any	Allow	Profile Group: RDCC Bank	Traffic log sent at session end	32220	01-01-2026 10:50	30-12-2025 16:08	57	156	30-12-2025 16:08	30-12-2025 16:08			
59	[Disabled]  NTP to Google NTP	[Disabled]  LAN-WAN	[Disabled] universal	[Disabled]  LAN	[Disabled]  RDCC NTP	[Disabled]  any	[Disabled]  any	[Disabled]  WAN	[Disabled]  Google NTP	[Disabled]  any	[Disabled]  ntp	[Disabled]  NTP-123	[Disabled]  Allow	Profile Group: RDCC Bank	Traffic log sent at session end	0	-	-	-	-	06-03-2026 12:26	27-11-2025 18:49			
60	[Disabled]  Sagar to GST	[Disabled]  LAN-WAN	[Disabled] universal	[Disabled]  LAN	[Disabled]  192.168.0.163/32	[Disabled]  any	[Disabled]  any	[Disabled]  WAN	[Disabled]  any	[Disabled]  any	[Disabled]  any	[Disabled]  application-default	[Disabled]  Allow	none	Traffic log sent at session end	43521	15-12-2025 12:40	09-12-2025 18:21	35	173	15-12-2025 12:46	09-12-2025 18:20			
61	[Disabled]  PAM360	[Disabled]  MPLS-LAN	[Disabled] universal	[Disabled]  MPLS	[Disabled]  10.110.110.166/32	[Disabled]  any	[Disabled]  any	[Disabled]  LAN	[Disabled]  192.168.11.191/32	[Disabled]  any	[Disabled]  addp;[Disabled]  afp;[Disabled]  apache-solr;[Disabled]  bacnet;[Disabled]  bittorrent;[Disabled]  cip-ethernet-ip;[Disabled]  citrix;[Disabled]  coap;[Disabled]  corba;[Disabled]  daytime;[Disabled]  dns;[Disabled]  dtls;[Disabled]  echo;[Disabled]  ether-s-bus;[Disabled]  gre;[Disabled]  gtp;[Disabled]  hart-ip;[Disabled]  http-proxy;[Disabled]  icmp;[Disabled]  ipsec;[Disabled]  json-rpc;[Disabled]  kerberos;[Disabled]  knxnet-ip;[Disabled]  l2tp;[Disabled]  ldap;[Disabled]  llmnr;[Disabled]  lpd;[Disabled]  memcached;[Disabled]  mgcp;[Disabled]  mobility-xe;[Disabled]  mqtt;[Disabled]  ms-ds-smb;[Disabled]  ms-rdp;[Disabled]  ms-service-controller;[Disabled]  ms-sms;[Disabled]  ms-update;[Disabled]  msrpc;[Disabled]  mssql-db;[Disabled]  mssql-mon;[Disabled]  netbios-ns;[Disabled]  netbios-ss;[Disabled]  ntp;[Disabled]  omron-fins;[Disabled]  oracle;[Disabled]  pcanywhere;[Disabled]  ping;[Disabled]  portmapper;[Disabled]  quic;[Disabled]  radius;[Disabled]  rip;[Disabled]  rmcp;[Disabled]  rmi-iiop;[Disabled]  rtps;[Disabled]  sip;[Disabled]  slp;[Disabled]  snmp;[Disabled]  snmp-trap;[Disabled]  socks;[Disabled]  ssdp;[Disabled]  ssh;[Disabled]  ssl;[Disabled]  stretchoid-scanning;[Disabled]  stun;[Disabled]  syslog;[Disabled]  t.120;[Disabled]  teredo;[Disabled]  tftp;[Disabled]  time;[Disabled]  traceroute;[Disabled]  unknown-tcp;[Disabled]  unknown-udp;[Disabled]  web-browsing;[Disabled]  web-crawler;[Disabled]  webdav;[Disabled]  windows-remote-management;[Disabled]  ws-discovery;[Disabled]  xdmcp	[Disabled]  any	[Disabled]  Allow	Profile Group: RDCC	Traffic log sent at session end	1878618	18-03-2025 19:25	01-03-2025 11:44	0	-	24-03-2025 12:02	01-03-2025 11:44			
62	[Disabled]  APC- CCTV	[Disabled]  MPLS-LAN	[Disabled] universal	[Disabled]  MPLS	[Disabled]  10.110.110.166/32	[Disabled]  any	[Disabled]  any	[Disabled]  LAN	[Disabled]  10.110.110.166/32;[Disabled]  192.168.0.102/32	[Disabled]  any	[Disabled]  any	[Disabled]  any	[Disabled]  Allow	Profile Group: RDCC	Traffic log sent at session end	69	09-09-2025 18:03	09-09-2025 12:54	86	441	15-01-2026 15:09	01-03-2025 11:44			
63	[Disabled]  IP_PHONES	[Disabled]  MPLS-LAN	[Disabled] universal	[Disabled]  MPLS	[Disabled]  any	[Disabled]  any	[Disabled]  any	[Disabled]  LAN	[Disabled]  10.110.110.166/32;[Disabled]  192.168.12.75/32	[Disabled]  any	[Disabled]  any	[Disabled]  any	[Disabled]  Allow	Profile Group: RDCC	Traffic log sent at session end	0	-	-	69	441	11-09-2025 17:15	01-03-2025 11:44			
64	[Disabled]  IB TATA	[Disabled]  MPLS-LAN	[Disabled] universal	[Disabled]  MPLS	[Disabled]  10.110.110.165/32	[Disabled]  any	[Disabled]  any	[Disabled]  LAN	[Disabled]  10.110.110.165/32;[Disabled]  192.168.11.201/32	[Disabled]  any	[Disabled]  any	[Disabled]  any	[Disabled]  Allow	Profile Group: RDCC	Traffic log sent at session end	0	-	-	-	-	14-09-2025 21:23	30-06-2025 15:41			
65	[Disabled]  Nexx_app_TATA	[Disabled]  MPLS-LAN	[Disabled] universal	[Disabled]  MPLS	[Disabled]  any	[Disabled]  any	[Disabled]  any	[Disabled]  LAN	[Disabled]  10.110.110.165/32;[Disabled]  192.168.10.210/32	[Disabled]  any	[Disabled]  any	[Disabled]  any	[Disabled]  Allow	Profile Group: RDCC	Traffic log sent at session end	2530121	13-05-2025 16:50	01-03-2025 11:44	100	440	11-09-2025 17:15	01-03-2025 11:44			
66	SIL_TO_IMPS_SERVER	MPLS-LAN	universal	MPLS	10.101.1.0/24;10.101.7.0/24;10.101.19.0/24;10.200.45.129/32	any	any	LAN	IMPS_SREVER	any	any	IMPS-7100;IMPS-9093;IMPS-9094	Allow	Profile Group: RDCC	Traffic log sent at session end	5115253	06-06-2026 12:49	05-03-2025 12:29	4	240	20-11-2025 19:00	05-03-2025 12:29			
67	SIL RECOM TO ATM SERVER	MPLS-LAN	universal	MPLS	10.100.5.150/32;10.100.16.104/32;10.101.16.21/32	any	any	LAN	192.168.11.175/32	any	any	EJ-8090;EJ-8091	Allow	Profile Group: RDCC	Traffic log sent at session end	7278	06-06-2026 12:18	06-03-2025 07:48	2	288	11-09-2025 17:45	05-03-2025 14:18			
68	SIL Insta to ATM Server	MPLS-LAN	universal	MPLS	10.101.16.26/32	any	any	LAN	192.168.11.175/32	any	any	ICMP;TCP_6036-6038;TELNET	Allow	Profile Group: RDCC Bank	Traffic log sent at session end	60	11-02-2026 16:59	02-12-2025 17:53	2	186	02-12-2025 17:51	02-12-2025 17:51			
69	EJ Server to ATM	LAN-MPLS	universal	LAN	EJ SERVER	any	any	MPLS	172.21.2.21/32;KARJAT ATM	any	any	TCP_ 7080	Allow	Profile Group: RDCC Bank	Traffic log sent at session end	694	06-06-2026 01:01	30-09-2025 11:30	1	199	18-12-2025 12:56	30-09-2025 11:28			
70	EJ SERVER ACCES TO SIL	MPLS-LAN	universal	MPLS	10.100.10.165/32;10.101.7.0/24	any	any	LAN	172.29.19.25/32	any	any	EJ-SERVER-4248	Allow	Profile Group: RDCC	Traffic log sent at session end	3823	11-09-2025 18:58	05-03-2025 15:47	1	320	11-09-2025 17:24	05-03-2025 14:18			
71	E-Mandate App Access	MPLS-LAN	universal	MPLS	10.101.5.111	any	any	LAN	172.29.19.25/32	any	any	EJ-SERVER-4248	Allow	Profile Group: RDCC	Traffic log sent at session end	29	02-06-2026 18:32	10-03-2026 16:25	1	88	10-03-2026 15:50	10-03-2026 15:50			
72	ATM COMMUNICATION	MPLS-LAN	universal	MPLS	10.101.19.0/24	any	any	LAN	192.168.11.175/32	any	any	ATM-9100	Allow	Profile Group: RDCC	Traffic log sent at session end	179568	06-06-2026 12:45	05-03-2025 14:18	2	270	13-09-2025 20:20	05-03-2025 14:18			
73	SIL to NEW CTS	MPLS-LAN	universal	MPLS	SIL NEW CTS	any	any	LAN	SIL UAT Server	any	any	any	Allow	Profile Group: RDCC Bank	Traffic log sent at session end	3085	11-12-2025 14:59	22-09-2025 17:40	3	257	14-10-2025 15:10	22-09-2025 17:39			
74	BRANCH_TO_BIOMETRIC	MPLS-LAN	universal	MPLS	172.19.0.0/16	any	any	LAN	HQ_BIOMETRIC	any	any	BIOMETRIC-88	Allow	Profile Group: RDCC	Traffic log sent at session end	36822621	06-06-2026 12:49	05-03-2025 12:30	1	389	11-09-2025 17:45	05-03-2025 12:29			
75	BRANCH_TO_SOHOPS	MPLS-LAN	universal	MPLS	RDCC_BRANCH	any	any	LAN	SOPHOS_AV	any	any	ICMP;SOPHOS;SOPHOS-1	Allow	Profile Group: RDCC	Traffic log sent at session end	48392770	06-06-2026 12:49	05-03-2025 12:54	4	455	12-09-2025 21:08	05-03-2025 12:54			
76	BRANCH_TO_EPC_AGENT	MPLS-LAN	universal	MPLS	10.110.110.162/32;RDCC_BRANCH	any	any	LAN	ECP_AGENT	any	ping	135;139;445;2195;4011;5223;5228;5229;5230;5235;5236;8020;8027;8031;8032;8282;8383;service-https;TCP_8443;TFTP-69	Allow	Profile Group: RDCC	Traffic log sent at session end	42768668	06-06-2026 12:49	05-03-2025 12:30	2	267	12-09-2025 21:08	05-03-2025 12:29			
77	NDR to SOC Server	MPLS-LAN	universal	MPLS	10.11.150.1/32;192.168.110.141/32;192.168.130.151/32	any	any	LAN	SOC_CONNECTOR	any	icmp;ping;syslog;traceroute	application-default	Allow	Profile Group: RDCC Bank	Traffic log sent at session end	140	06-06-2026 11:10	26-09-2025 18:43	3	248	26-11-2025 12:30	26-09-2025 18:43			
78	NDR COMMUNICATION	MPLS-LAN	universal	MPLS	172.29.190.20/32;192.168.130.151/32;192.168.130.170/32;NDR-1	any	any	LAN	10.10.240.0/24;10.110.110.240/29;172.29.19.182/32;172.29.19.200/32;172.29.19.203/32;192.168.0.0/24;192.168.11.0/24;192.168.11.146/32;192.168.11.191/32;192.168.13.0/24;192.168.13.155/32;192.168.15.144/32;DC_AD;DC_ADC	any	any	any	Allow	Profile Group: RDCC	Traffic log sent at session end	189140996	06-06-2026 12:49	24-03-2025 12:05	34	3	22-05-2026 13:14	24-03-2025 12:02			
79	SARASWAT TUNNEL	MPLS-LAN	universal	MPLS	10.100.0.0/16;10.101.0.0/16;10.104.0.0/16;10.104.15.0/24;172.20.2.0/24;172.20.3.0/24	any	any	LAN	172.29.19.15/32;172.29.19.25/32;192.168.0.0/24;192.168.11.0/24;192.168.11.191/32;192.168.20.25/32	any	any	any	Allow	Profile Group: RDCC	Traffic log sent at session end	1463	06-06-2026 11:31	21-07-2025 15:52	4	2	28-01-2026 15:34	21-07-2025 15:47			
80	P2B LINK	MPLS-LAN	universal	MPLS	10.110.110.166/32	any	any	LAN	10.10.30.92/32	any	any	service-https	Allow	Profile Group: RDCC Bank	Traffic log sent at session end	572316	06-06-2026 12:32	06-06-2025 19:21	54	123	20-06-2025 19:00	06-06-2025 19:21			
81	NUTANIX  DC TO NDR	LAN-MPLS	universal	LAN	10.10.240.0/24	any	any	MPLS	10.11.240.0/24	any	any	any	Allow	Profile Group: RDCC	Traffic log sent at session end	284987750	06-06-2026 12:49	24-03-2025 19:54	11	198	09-05-2025 10:53	24-03-2025 19:53			
82	EPC_AGENT_TO_BRANCH	LAN-MPLS	universal	LAN	ECP_AGENT	any	any	MPLS	RDCC_BRANCH	any	ping;traceroute	135;139;2195;4011;5223;5228;5229;5230;5235;5236;8020;8027;8031;8032;8282;8384;8444;service-https;TCP_445;TCP_8383;TFTP-69	Allow	Profile Group: RDCC	Traffic log sent at session end	185608	10-02-2026 11:26	06-03-2025 12:21	0	-	12-09-2025 21:28	05-03-2025 12:29			
83	FATPIPE_TO_OPMANAGER	MPLS-LAN	universal	MPLS	10.110.110.162/32	any	any	LAN	192.168.11.195/32;OPMANAGER	any	icmp;ping;snmp	9996;9996-UDP	Allow	none	Traffic log sent at session end	1299507	12-09-2025 22:23	06-03-2025 12:57	1	267	12-09-2025 22:24	05-03-2025 12:29			
84	DC TO NDR MAIL SERVER	MPLS-LAN	universal	LAN	192.168.11.149/32	any	any	MPLS	192.168.110.147/32	any	any	any	Allow	Profile Group: RDCC Bank	Traffic log sent at session end	415270	06-06-2026 12:44	12-09-2025 22:28	3	266	14-09-2025 21:23	12-09-2025 22:24			
85	DC NDR PAM COMUNICATION	LAN-MPLS	universal	LAN	192.168.0.87/32;192.168.11.191/32	any	any	MPLS	192.168.110.145/32;192.168.110.191/32	any	any	any	Allow	Profile Group: RDCC	Traffic log sent at session end	236842	01-06-2026 10:26	04-03-2025 13:45	5	99	19-11-2025 09:23	04-03-2025 13:40			
86	SOC_SEQURETEK_LAN	LAN-MPLS	universal	LAN	SOC_CONNECTOR	any	any	MPLS	SOC_LOGGER_SERVER	any	any	any	Allow	Profile Group: RDCC	Traffic log sent at session end	225997	06-06-2026 11:10	28-02-2025 20:18	3	115	15-09-2025 15:55	28-02-2025 19:05			
87	SOC server to NDR	LAN-MPLS	universal	LAN	SOC_CONNECTOR	any	any	MPLS	10.11.150.1/32;192.168.110.141/32;192.168.130.151/32	any	icmp;ping;syslog;telnet;traceroute	application-default	Allow	Profile Group: RDCC Bank	Traffic log sent at session end	315	11-02-2026 15:58	26-09-2025 16:19	4	253	26-09-2025 16:34	26-09-2025 16:19			
88	DC TO BRANCH	LAN-MPLS	universal	LAN	192.168.0.9/32;192.168.0.18/32;192.168.0.91/32;192.168.0.121/32;192.168.0.122/32;192.168.11.195/32;DC_AD;DC_ADC;DC_OLD_SUBNET;DC_PRODUCTION_SUBNET;DMZ_SUBNET;KAMESH_PC;MANISH SAWANT;NEW_ATM;NEW_EPC;NEW_SUBNET	any	any	MPLS	10.98.31.136/30;10.110.110.162/32;172.16.119.254/32;172.21.10.21/32;172.21.13.21-32;172.21.19.21/32;RDCC_BRANCH	any	any	any	Allow	Profile Group: RDCC	Traffic log sent at session end	290805398	06-06-2026 12:49	28-02-2025 19:40	48	229	20-11-2025 09:53	28-02-2025 19:40			
89	BRANCH_TO_DC	MPLS-LAN	universal	MPLS	10.98.31.136/30;172.21.6.21;172.21.10.21/32;172.21.19.21/32;172.21.35.21/32;RDCC_BRANCH	any	any	LAN	172.29.19.0/24;192.168.0.9/32;192.168.0.18/32;192.168.0.91/32;192.168.11.196/32;BRANCH_OPMANAGER;DC_AD;DC_ADC;DC_OLD_SUBNET;DC_PRODUCTION_SUBNET;DMZ_SUBNET;EJ SERVER;KAMESH_PC;Manish Sawant;NEW_EPC	any	any	any	Allow	Profile Group: RDCC	Traffic log sent at session end	1380680402	06-06-2026 12:49	28-02-2025 19:40	33	267	06-11-2025 18:21	28-02-2025 19:40			
90	E-KYC APP AIRTEL	MPLS-LAN	universal	MPLS	10.110.110.165/32	any	any	LAN	172.29.19.101/32	any	any	85-TCP;8578-TCP;service-https	Allow	Profile Group: RDCC Bank	Traffic log sent at session end	30243	05-06-2026 17:23	14-05-2025 10:04	2	263	14-07-2025 16:21	24-04-2025 11:19			
91	E-KYC APP TATA	MPLS-LAN	universal	MPLS	10.110.110.166/32	any	any	LAN	172.29.19.101/32	any	any	any	Allow	Profile Group: RDCC	Traffic log sent at session end	3735	13-02-2026 16:01	14-07-2025 16:24	1	327	14-09-2025 21:23	14-07-2025 16:21			
92	EPC_TO_DC UNIT	LAN-MPLS	universal	LAN	172.29.19.200/32	any	any	MPLS	10.110.110.162/32;10.110.110.163/32;192.168.110.191/32	any	any	any	Allow	Profile Group: RDCC	Traffic log sent at session end	676	29-12-2025 19:47	07-03-2025 11:51	5	317	14-09-2025 20:16	28-02-2025 19:05			
93	NDR SUBNET ACCES -FATPIPE	LAN-MPLS	universal	LAN	10.10.240.0/24;192.168.11.191/32;DC_DB_SUBNET;DC_FW_SUBNET;DC_MGMT_Subnet;DC_NW_MGMT_Subnet;DC_OLD_USER_SUBNET;DC_PRODUCTION_SUBNET;DC_UAT_SUBNET	any	any	MPLS	10.10.18.2/32;10.11.250.0/24;10.110.110.240/29;172.26.2.0/24;192.168.110.191/32;NDNDR_NW_MGMT;NDR_ADC;NDR_CPPLAN_SUBNET;NDR_DB_SUBNET;NDR_DMZ_SUBNET;NDR_FW_SUBNET;NDR_MGMT_SUBNET;NDR_P2P_IP;NDR_P2PIP;NDR_SIL_APP_Server;NDR_UAT_SUBNET	any	any	any	Allow	Profile Group: RDCC	Traffic log sent at session end	13642720	06-06-2026 12:49	03-03-2025 18:39	126	110	11-02-2026 16:37	03-03-2025 18:39			
94	NDRP2-FATPIPE	LAN-MPLS	universal	LAN	10.10.150.1/32;172.29.17.147/32;172.29.19.200/32	any	any	MPLS	NDR-1;NDR_SUBNETS	any	any	any	Allow	Profile Group: RDCC	Traffic log sent at session end	132891	06-06-2026 11:30	04-03-2025 15:57	16	235	12-08-2025 12:12	04-03-2025 15:55			
95	P2P_LINK_CHECK	LAN-MPLS	universal	LAN	10.100.13.111-32;10.100.16.104-32;MANISH SAWANT	any	any	MPLS	10.19.19.2/32;10.110.110.240/29;172.29.100.12/32	any	ping;traceroute	any	Allow	none	Traffic log sent at session end	122372	18-02-2026 19:05	03-03-2025 15:45	1	267	12-09-2025 02:07	03-03-2025 15:44			
96	SIL PORTAL ACCES VIA  FATPIPE	LAN-MPLS	universal	LAN	192.168.0.86/32;192.168.0.110/32;192.168.0.123/32;192.168.0.127/32;192.168.0.140/32;192.168.0.221/32;192.168.0.238/32;192.168.0.244/32;Nilesh Kadam	any	any	MPLS	10.100.15.244/32;172.20.1.2/32;172.20.1.5/32	any	any	service-http;service-https;TCP5400-5401	Allow	Profile Group: RDCC	Traffic log sent at session end	65778	06-06-2026 12:28	05-03-2025 12:41	2	457	04-06-2026 13:18	04-03-2025 20:01			
97	HO ATM TO ATM SWITCH	LAN-MPLS	universal	LAN	ATM_Alibag;ATM_HO	any	any	MPLS	SIL_SWITCH1;SIL_SWITCH2	any	any	ICMP;TCP_6105;TCP_6205;TCP_6305;TCP_7080;UDP_6305	Allow	Profile Group: RDCC	Traffic log sent at session end	74289	06-06-2026 12:32	04-03-2025 20:00	1	457	14-09-2025 21:44	04-03-2025 20:01			
98	CONECTIVITY CHECK	LAN-MPLS	universal	LAN	192.168.21.101/32;MANISH SAWANT;Moses_Pc	any	any	MPLS	SIL_SWITCH1;SIL_SWITCH2;SIL_TATA_P2P_IP	any	ping;traceroute	any	Allow	Profile Group: RDCC	Traffic log sent at session end	117187	18-02-2026 19:05	04-03-2025 20:01	1	267	16-04-2026 15:33	04-03-2025 20:01			
99	SIL_Commuication_Airtel	none	universal	LAN	192.168.0.0/24	any	any	WAN	172.18.2.0/29	any	any	any	Allow	Profile Group: RDCC	Traffic log sent at session end	0	-	-	-	-	29-01-2026 18:15	29-01-2026 18:15			
100	OP-MANAGER TO FATAPIPE	LAN-MPLS	universal	LAN	192.168.11.195/32	any	any	MPLS	10.19.19.2/32;10.110.110.163;172.18.2.5/32;DC-FATPIPE	any	any	any	Allow	Profile Group: RDCC Bank	Traffic log sent at session end	902782	06-06-2026 12:46	13-05-2025 12:14	11	291	14-05-2025 16:47	24-04-2025 19:42			
101	TREND_MC_INTERNET	DMZ-WAN	universal	LAN	10.10.30.100/32;10.10.30.125/32	any	any	WAN	any	any	dns;dns-base;dns-non-rfc;ms-update;trendmicro;trendmicro-earthagent;trendmicro-officescan;trendmicro-safesync;web-browsing	any	Allow	Profile Group: undefined	Traffic log sent at session end	4729922	11-03-2026 19:52	28-02-2025 20:18	3	266	01-11-2025 13:02	28-02-2025 20:18			
102	ISE_TO_INTERNET	DMZ-WAN	universal	LAN	CISCO_ISE_PRI;ISE_SECONDARY	any	any	WAN	any	any	any	service-http;service-https;TCP_8443	Allow	Profile Group: RDCC	Traffic log sent at session end	38064	11-03-2026 20:48	01-03-2025 01:08	1	462	28-02-2025 20:18	28-02-2025 20:18			
103	Global_NTP ACCESS	LAN-WAN	universal	LAN	10.10.240.0/24;10.10.240.51;10.10.240.52;10.10.240.53;10.10.240.54;10.10.240.55;10.10.240.56;10.10.240.57;10.10.240.61;10.10.240.62;10.10.240.63;10.10.240.64;10.10.240.66;10.10.240.67;10.10.240.68;10.10.240.71;10.10.240.73;172.29.17.45;192.168.11.143;Nutanix_File_server	any	any	WAN	129.6.15.28/32;Samay1.nic.in;Samay2.nic.in	any	ntp	any	Allow	Profile Group: RDCC	Traffic log sent at session end	1928162	06-06-2026 12:49	26-02-2025 03:08	1	389	21-01-2026 16:59	12-02-2025 16:36			
104	SOC TO NDR CR SWITCH	none	universal	LAN	172.29.19.102/32	any	any	MPLS	10.11.240.5/32	any	ping;traceroute	SOC 512;SYSLOG 514	Allow	none	Traffic log sent at session end	0	-	-	-	-	01-04-2026 16:57	01-04-2026 16:35			
105	RDCC_NTP	LAN-WAN	universal	LAN	192.168.11.143	any	any	WAN	164.100.255.122/32;164.100.255.123/32	any	ntp;ssl	NTP_TCP;NTP_UDP;service-https	Allow	Profile Group: RDCC	Traffic log sent at session end	55873	10-09-2025 11:59	26-02-2025 03:11	2	359	10-09-2025 12:04	12-02-2025 16:36			
106	Global_DNS_ServiceAccess	LAN-WAN	universal	LAN	any	any	any	WAN	4.8.8.8;8.8.8.8	any	dns;icmp;traceroute	any	Allow	Profile Group: RDCC Bank	Traffic log sent at session end	8911	06-06-2026 12:48	26-02-2025 11:21	2	463	14-05-2025 16:47	12-02-2025 16:36			
107	SOPHOS UPDATE	LAN-WAN	universal	LAN	AV_SOPHOS	any	any	WAN	any	any	google-base;ms-product-activation;ms-update;ocsp;sophos-update;ssl;web-browsing	service-https	Allow	Profile Group: RDCC	Traffic log sent at session end	15188381	06-06-2026 12:49	26-02-2025 03:06	4	266	13-09-2025 02:06	12-02-2025 19:45			
108	MAIL_ACCESS	LAN-WAN	universal	LAN	192.168.11.149/32	any	any	WAN	any	any	any	any	Allow	Profile Group: RDCC	Traffic log sent at session end	277754	06-06-2026 12:47	26-02-2025 03:11	5	388	10-09-2025 12:14	12-02-2025 19:45			
109	FHR_ACCESS	LAN-WAN	universal	LAN	Nilesh Kadam	any	any	WAN	any	any	any	service-http;service-https	Allow	Profile Group: RDCC	Traffic log sent at session end	2238074	06-06-2026 12:48	26-02-2025 16:27	94	182	10-09-2025 17:41	12-02-2025 19:45			
110	RBI_OUTSIDE	LAN-WAN	universal	LAN	any	any	any	WAN	RBI	any	any	service-http;service-https	Allow	Profile Group: RDCC	Traffic log sent at session end	710755	06-06-2026 12:48	09-09-2025 15:00	14	4	09-04-2025 12:43	12-02-2025 19:45			
111	FTP_ACCESS	LAN-WAN	universal	LAN	192.168.0.136/32;192.168.0.161/32;MANISH PADWAL;PARANJAPE;SWAPNIL MHATRE	any	any	WAN	182.73.115.231	any	ftp	FTP	Allow	Profile Group: RDCC	Traffic log sent at session end	569	04-10-2025 19:15	26-02-2025 12:18	1	245	30-10-2025 10:28	12-02-2025 19:45			
112	TRENDMICRO_UPDATES	LAN-WAN	universal	LAN	192.168.11.146/32	any	any	WAN	any	any	apt-get;aws-iot;bing-ai;bing-maps;dtls;google-analytics;google-base;google-play;hotmail;http-audio;http-video;microsoft-dynamics-crm;ms-lync-base;ms-office365;ms-onedrive-base;ms-onedrive-uploading;ms-product-activation;ms-store;ms-update;ocsp;office365-consumer-access;office365-enterprise-access;rtcp;rtp-base;skype;soap;ssh;ssl;stun;trendmicro;web-browsing;websocket;windows-azure;youtube-base	service-http;service-https	Allow	Profile Group: RDCC	Traffic log sent at session end	6739587	06-06-2026 12:48	26-02-2025 03:06	11	87	15-01-2026 15:09	12-02-2025 19:45			
113	ATMPORTAL-SIPCLOUD ACCES	LAN-WAN	universal	LAN	192.168.0.238/32;192.168.0.239/32	any	any	WAN	43.242.37.201/32;atmportal.siplchd.co.in;febacorp.idbi.bank.in	any	any	service-https	Allow	Profile Group: RDCC Bank	Traffic log sent at session end	23879	06-06-2026 12:35	28-07-2025 16:35	1	313	15-12-2025 16:55	28-07-2025 16:22			
114	NACH  PORTAL ACCES	LAN-WAN	universal	LAN	192.168.0.0/24	any	any	WAN	43.242.37.207/32	any	any	any	Allow	Profile Group: RDCC Bank	Traffic log sent at session end	11485	06-06-2026 12:42	28-07-2025 15:52	1	313	14-09-2025 21:23	28-07-2025 15:52			
115	AWS-ACCESS	LAN-WAN	universal	LAN	192.168.0.121/32	any	any	WAN	108.159.9.73/32;108.159.91.8/32;108.159.91.73/32;108.159.91.84/32;108.159.91.85/32	any	any	service-https	Allow	Profile Group: RDCC Bank	Traffic log sent at session end	157	06-03-2026 17:48	07-08-2025 12:20	1	303	14-09-2025 21:23	05-08-2025 12:37			
116	DVR ACCES	LAN-WAN	universal	LAN	192.168.0.108/32	any	any	WAN	65.0.171.72/32;165.154.102.251/32;182.76.129.134/32	any	any	application-default	Allow	Profile Group: RDCC	Traffic log sent at session end	41884	05-06-2026 23:30	26-02-2025 03:06	3	267	12-09-2025 01:21	13-02-2025 18:38			
117	APP SERVER_INTERNET ACCESS	LAN-WAN	universal	LAN	172.29.19.25/32	any	any	WAN	any	any	any	DNS-UDP;DSN-TCP;service-http;service-https	Allow	Profile Group: RDCC	Traffic log sent at session end	45024	30-05-2026 00:05	26-02-2025 03:06	8	215	03-11-2025 13:57	14-02-2025 21:02			
118	SMS_SERVER_INTERNET	LAN-WAN	universal	LAN	SMS_SERVER	any	any	WAN	any	any	any	any	Allow	Profile Group: RDCC	Traffic log sent at session end	3129115	06-06-2026 12:49	26-02-2025 03:08	9	9	12-09-2025 01:21	14-02-2025 21:02			
119	EPC_UPDATE	LAN-WAN	universal	LAN	EPC_SERVER	any	any	WAN	any	any	ms-product-activation;ms-store;ms-update;ssl;web-browsing	any	Allow	Profile Group: RDCC	Traffic log sent at session end	1987491	06-06-2026 12:47	26-02-2025 03:06	5	257	14-09-2025 13:48	14-02-2025 21:02			
120	UAT_INTERNET	LAN-WAN	universal	LAN	10.10.30.93/32;172.29.19.182/32	any	any	WAN	youcloud.silsaas.co.in	any	ssl	service-https	Allow	Profile Group: RDCC	Traffic log sent at session end	55	26-09-2025 17:31	17-03-2025 16:04	1	348	24-06-2025 20:19	28-02-2025 19:05			
121	ACCES atmportal.siplchd.co.in	none	universal	LAN	192.168.0.0/24	any	any	WAN	atmportal.siplchd.co.in	any	any	application-default	Allow	Profile Group: RDCC Bank	Traffic log sent at session end	31373	06-06-2026 12:40	15-09-2025 11:00	1	264	15-09-2025 10:56	15-09-2025 10:56			
122	INTERNET_WEB	LAN-WAN	universal	LAN	192.168.0.0/24	any	any	WAN	chatgpt.com;GOOGLE.COM;IDBI;Loksatta;techflex.icewarpcloud.in	any	any	service-https	Allow	Profile Group: RDCC Bank	Traffic log sent at session end	661302	06-06-2026 12:49	13-09-2025 00:59	15	2	13-09-2025 21:10	13-09-2025 00:58			
123	SOPHOS ALLOWED	LAN-WAN	universal	LAN	192.168.0.0/24	any	any	WAN	login.sophos.com	any	sophos-live-protection;sophos-rms;sophos-update	application-default	Allow	Profile Group: RDCC Bank	Traffic log sent at session end	0	-	-	-	-	13-09-2025 21:03	13-09-2025 21:03			
124	ZOOM ALLOWED	LAN-WAN	universal	LAN	192.168.0.61/32;192.168.0.87/32;192.168.0.91/32;192.168.0.93/32;192.168.0.121/32;192.168.0.203/32	any	any	WAN	any	any	dtls;facebook-base;google-base;rtcp;ssl;stun;zoom;zoom-base;zoom-delete;zoom-downloading;zoom-meeting;zoom-phone;zoom-record;zoom-sharing;zoom-uploading	any	Allow	Profile Group: RDCC Bank	Traffic log sent at session end	2522191	06-06-2026 12:49	07-10-2025 15:01	4	207	11-12-2025 16:02	07-10-2025 14:58			
125	ZOOM BLOKED-1	LAN-WAN	universal	LAN	192.168.0.0/24	any	any	WAN	any	any	dtls;facebook-base;google-base;rtcp;ssl;stun;zoom;zoom-base;zoom-delete;zoom-downloading;zoom-meeting;zoom-phone;zoom-record;zoom-sharing;zoom-uploading	any	Deny	Profile Group: RDCC Bank	Traffic log sent at session end	88864	06-06-2026 12:43	13-09-2025 01:47	3	266	15-09-2025 16:57	13-09-2025 01:47			
126	WIFI USER TO INTERNET	LAN-WAN	universal	LAN	192.168.12.0/24	any	any	WAN	any	any	any	any	Allow	Profile Group: RDCC	Traffic log sent at session end	47305332	06-06-2026 12:49	26-02-2025 10:47	338	4	12-09-2025 01:38	14-02-2025 21:02			
127	FATPIPE ACCES	LAN-MPLS	universal	LAN	192.168.11.195;Moses_Pc	any	any	MPLS	10.19.19.2/32;10.110.110.162;10.110.110.163	any	any	any	Allow	Profile Group: RDCC Bank	Traffic log sent at session end	2659949	06-06-2026 12:48	13-05-2025 12:14	12	321	30-03-2026 15:10	23-04-2025 20:50			
128	MPLS-LAN-1	MPLS-LAN	universal	MPLS	10.11.240.61/32;10.11.240.95/32	any	any	LAN	172.29.19.102/32;192.168.11.192/32	any	syslog	any	Allow	Profile Group: RDCC Bank	Traffic log sent at session end	2210170	06-06-2026 12:49	13-05-2025 12:16	1	389	17-07-2025 16:30	28-04-2025 19:39			
129	NDR DATA BASE ACCES	MPLS-LAN	universal	MPLS	192.168.130.151/32	any	any	LAN	172.29.19.200/32;172.29.19.203/32;192.168.11.146/32;192.168.13.155/32	any	any	445;4343;8027;8080	Allow	Profile Group: RDCC Bank	Traffic log sent at session end	0	-	-	5	303	14-09-2025 21:44	28-04-2025 19:39			
130	NDR NE MGMT IP	MPLS-LAN	universal	MPLS	10.11.250.107/32;10.11.250.108/32	any	any	LAN	10.10.250.100/32	any	any	80	Allow	Profile Group: RDCC Bank	Traffic log sent at session end	20906813	06-06-2026 12:49	13-05-2025 12:15	1	389	14-09-2025 21:44	28-04-2025 19:39			
131	NDR NODE	MPLS-LAN	universal	MPLS	10.11.240.63/32;10.110.110.241/32	any	any	LAN	172.29.19.102/32;192.168.11.143/32;192.168.11.192/32	any	any	SYSLOG 514	Allow	Profile Group: RDCC Bank	Traffic log sent at session end	834923	14-09-2025 04:54	13-05-2025 12:16	2	389	14-09-2025 21:44	28-04-2025 19:39			
132	NDR FIREWALL TO DC FIREWALL	MPLS-LAN	universal	MPLS	10.11.210.0/24;10.11.240.0/24;10.11.250.0/24	any	any	LAN	10.10.240.0/24;172.29.19.102/32	any	any	any	Allow	Profile Group: RDCC Bank	Traffic log sent at session end	5841728	06-06-2026 12:49	13-05-2025 12:15	4	8	14-09-2025 21:44	28-04-2025 19:39			
133	NDR SUBNET TO EPC	MPLS-LAN	universal	MPLS	172.29.150.0/24;172.29.160.0/24;172.29.170.0/24;172.29.190.0/24;192.168.110.0/24;192.168.115.0/24;192.168.130.0/24	any	any	LAN	172.29.19.200/32	any	any	any	Allow	Profile Group: RDCC Bank	Traffic log sent at session end	2056189	13-09-2025 20:27	13-05-2025 12:14	4	268	14-09-2025 21:44	28-04-2025 19:39			
134	NDR TO OP MANAGER	MPLS-LAN	universal	MPLS	10.10.19.2/32;10.11.210.2/32;10.19.19.2/32;10.110.110.163/32;10.110.110.242/32;10.222.222.2/32	any	any	LAN	192.168.11.195/32	any	any	any	Allow	Profile Group: RDCC Bank	Traffic log sent at session end	747273	06-06-2026 12:44	13-05-2025 12:17	4	323	14-09-2025 21:44	28-04-2025 19:39			
135	PAM ACCES TO NDR  FATPIPE	MPLS-LAN	universal	MPLS	10.110.110.162/32;10.110.110.163/32;10.110.110.241/32;10.110.110.242/32	any	any	LAN	172.29.19.102/32;172.29.19.204/32;192.168.11.195/32	any	any	162	Allow	Profile Group: RDCC Bank	Traffic log sent at session end	56767	14-09-2025 04:53	13-05-2025 12:14	8	312	14-09-2025 22:07	08-05-2025 19:35			
136	SOC ACCESS	MPLS-LAN	universal	MPLS	10.222.222.2/32	any	any	LAN	172.29.19.102/32	any	any	SYSLOG 514	Allow	Profile Group: RDCC Bank	Traffic log sent at session end	113204	14-09-2025 02:34	13-05-2025 15:28	1	389	14-09-2025 22:07	13-05-2025 15:21			
137	NDR TO NTP SERVER	MPLS-LAN	universal	MPLS	10.11.240.0/24	any	any	LAN	192.168.11.143/32	any	any	NTP-123	Allow	Profile Group: RDCC Bank	Traffic log sent at session end	336226	14-09-2025 23:28	14-05-2025 13:17	1	388	14-09-2025 23:29	13-05-2025 14:36			
138	ATM SIL SWITCH COMMUNICATION	MPLS-LAN	universal	MPLS	172.21.2.21/32;172.21.4.21/32;172.21.6.21/32;172.21.11.21/32;172.21.16.21/32;172.21.20.21/32;172.21.21.21/32;172.21.23.21/32;172.21.26.21/32;172.21.34.21/32;172.21.119.21/32	any	any	LAN	172.20.6.241/32	any	any	any	Allow	Profile Group: RDCC Bank	Traffic log sent at session end	65296	21-07-2025 18:17	13-05-2025 15:21	1	389	14-09-2025 23:29	13-05-2025 15:21			
139	NDR TO TREND MICROD  ACCES	MPLS-LAN	universal	MPLS	172.29.170.145/32;172.29.190.0/24;192.168.110.0/24;192.168.130.0/24	any	any	LAN	172.20.6.241/32;192.168.11.146/32	any	any	4343;8080	Allow	Profile Group: RDCC Bank	Traffic log sent at session end	89314	13-09-2025 20:17	13-05-2025 15:25	2	389	14-09-2025 23:29	13-05-2025 15:21			
140	DC_INTERNET	LAN-WAN	universal	LAN	DC_OLD_SUBNET	any	any	WAN	any	any	adobe-cloud;adobe-creative-cloud;adobe-echosign;adobe-update;appdynamics;apple-game-center;apple-maps;apple-push-notifications;apple-siri;arcgis;aws-iot;bing-ai;bing-maps;bitdefender;cisco-spark;datadog;dns-over-tls;dropbox;duosecurity;facebook;github;gmail;google-analytics;google-base;google-chat;google-contacts;google-docs;google-drive-web;google-maps;google-meet;google-messages;google-photos;google-play;google-update;hotmail;hubspot;icloud;instagram;itunes;kayako;linkedin;ms-office365;ms-onedrive;ms-product-activation;ms-quick-assist;ms-remote-registry;ms-store;ms-update;netbios-ns;new-relic;nordvpn;ntp;ocsp;openai;oracle-eloqua;pinterest;quic;quora;rtcp;salesforce;smallpdf;smtp;snmp;soap;sophos-update;spotify;ssl;stun;teamviewer;teamviewer-web;traceroute;twitter;u-meeting;ultraviewer;unknown-tcp;unknown-udp;vidyo;web-browsing;webex;whatsapp;windows-azure;windows-push-notifications;xbox-live;yahoo-mail;yahoo-web-analytics;youtube;zoho-meeting;zoom;zoominfo	any	Allow	Anti-Spyware: strict-1;Vulnerability Protection: strict;URL Filtering: WORK_ONLY;File Blocking: strict file blocking	Traffic log sent at session end	119356489	06-06-2026 12:49	13-05-2025 12:15	112	8	06-05-2026 14:52	28-03-2025 16:22			
141	PFMS  ACCES	LAN-WAN	universal	LAN	192.168.11.40/32	any	any	WAN	164.100.74.192/32	any	ssh	any	Allow	Profile Group: RDCC Bank	Traffic log sent at session end	8379	06-06-2026 11:10	15-09-2025 13:44	1	264	14-09-2025 13:48	14-09-2025 13:48			
142	SERVER INTERNET	LAN-WAN	universal	LAN	10.10.240.73/32;172.29.19.25/32;192.168.11.146/32	any	any	WAN	any	any	adobe-cloud;adobe-creative-cloud;adobe-echosign;adobe-express;airdroid;appdynamics;apple-game-center;apple-maps;apple-push-notifications;apple-siri;apple-update;appletvplus;apt-get;arcgis;avira-antivir-update;aws-iot;azure-iot;bing-ai;bing-maps;bitbucket;bitdefender;brightcove;browserstack;calendly;canva;cisco-spark;claude;cloudinary;dailymotion;datadog;deepseek-chat;dell-update;discord;disneyplus;disqus;dns-over-tls;dochub;dropbox;duosecurity;dynatrace-app-monitoring;facebook;filestack;foursquare;freshdesk;ftp;giphy;github;gitlab;glassdoor;gmail;gofile.io;google-analytics;google-app-script;google-bard;google-base;google-chat;google-contacts;google-docs;google-drive-web;google-maps;google-meet;google-messages;google-photos;google-play;gotoassist;gotomeeting;grammarly;helpscout;hotmail;hubspot;hulu;icloud;imgur;infusionsoft;instagram;itunes;jiomeet;kaspersky-ksn;linkedin;liveperson;logmeinrescue;lookout;mail.ru;mailchimp;manageengine-remote;mega;microsoft-intune;ms-office365;ms-onedrive;ms-product-activation;ms-store;ms-update;murf;netflix;new-relic;nordvpn;notion;ntp;nutanix;ocsp;okta;openai;oracle-eloqua;paloalto-cloud-identity;paloalto-device-telemetry;paloalto-dlp-service;paloalto-dns-security;paloalto-iot-security;paloalto-shared-services;paloalto-updates;paloalto-user-context;paloalto-wildfire-cloud;pan-db-cloud;pastebin;pdffiller;perplexity-ai;pinterest;proton;qq;quic;quora;realtimeboard;recurly;reddit;roblox;salesforce;samsung-tizen-push;samsung-updates;scribd;service-now;shodan;slideshare;smallpdf;smtp;snapchat;soap;sodapdf;solarwinds-loggly;sophos-update;soundcloud;speedtest;spotify;square;ssh;ssl;stackoverflow;steam;successfactors;taobao;teamviewer-web;telegram;thoughtspot;tiktok;tinder;traceroute;trello;twitter;udemy;ultraviewer;unknown-tcp;viber;vimeo;vkontakte;voiceflow;web-browsing;webcatalog;webex;wetransfer;whatsapp;windows-azure;windows-push-notifications;xbox-live;yahoo-mail;yahoo-web-analytics;youtube;zendesk;zoho-assist;zoho-mail;zoho-meeting;zoom;zoominfo	any	Allow	none	Traffic log sent at session end	454416	11-03-2026 21:38	14-09-2025 23:04	11	87	15-09-2025 16:57	13-05-2025 14:54			
143	SYS LOG SERVER	MPLS-LAN	universal	MPLS	10.11.240.0/24	any	any	LAN	192.168.11.192/32	any	any	SYSLOG 514	Allow	Profile Group: RDCC Bank	Traffic log sent at session end	721581	12-09-2025 02:57	14-05-2025 13:16	5	319	14-09-2025 23:29	14-05-2025 13:16			
144	MPLS-LAN-29	MPLS-LAN	universal	MPLS	RDCC_BRANCH	any	any	LAN	10.10.30.90/32;10.10.30.91/32;192.168.0.0/24;192.168.1.0/24;192.168.10.0/24;192.168.10.39/32;192.168.11.0/24	any	any	7680	Allow	Profile Group: RDCC Bank	Traffic log sent at session end	164915	06-06-2026 12:46	14-05-2025 15:33	3	373	14-09-2025 23:29	14-05-2025 13:16			
145	NDR PRODUCTION IP	MPLS-LAN	universal	MPLS	192.168.110.146/32	any	any	LAN	192.168.11.142/32	any	any	53	Allow	Profile Group: RDCC Bank	Traffic log sent at session end	355406	14-09-2025 23:27	14-05-2025 13:16	9	308	14-09-2025 23:29	14-05-2025 13:16			
146	PING CONECTIVITY CHECK	LAN-MPLS	universal	LAN	192.168.0.37/32;192.168.0.91/32;192.168.0.93/32;192.168.0.95/32;192.168.0.98/32;Jump Server Network	any	any	MPLS	any	any	any	application-default	Allow	Profile Group: RDCC Bank	Traffic log sent at session end	1424927	06-06-2026 12:49	14-05-2025 18:14	10	87	07-05-2026 15:37	14-05-2025 14:42			
147	NDR OUTSIDE PC	MPLS-LAN	universal	MPLS	172.29.100.12/32;172.29.100.13/32	any	any	LAN	172.29.19.200/32;172.29.19.205/32	any	any	application-default	Allow	Profile Group: RDCC Bank	Traffic log sent at session end	10565	11-09-2025 15:06	19-05-2025 11:59	2	383	14-09-2025 21:23	17-05-2025 16:34			
148	APP_LIMITED_ACCESS	none	universal	LAN	172.29.19.25/32;192.168.11.200/32;192.168.11.201/32;192.168.11.202/32	any	any	WAN	any	any	any	application-default	Allow	Profile Group: RDCC	Traffic log sent at session end	193885	06-06-2026 12:49	12-09-2025 01:41	7	9	09-04-2025 12:43	04-03-2025 16:26			
149	PFMS_AIRTEL	MPLS-LAN	universal	MPLS	any	any	any	LAN	10.110.110.165/32;192.168.11.40/32	any	any	any	Allow	Profile Group: RDCC	Traffic log sent at session end	3725	06-06-2026 12:06	12-09-2025 00:40	1	267	01-03-2025 11:44	01-03-2025 11:44			
150	SOC_SEQURETEK_WAN_REMOTE	MPLS-LAN	universal	MPLS	172.24.46.50/32;172.24.46.51/32;172.24.46.52/32;172.24.46.53/32;172.24.46.54/32;SOC_LOGGER_SERVER	any	any	LAN	192.168.11.191/32;SOC_CONNECTOR	any	any	any	Allow	Profile Group: RDCC	Traffic log sent at session end	89394	05-06-2026 16:56	15-09-2025 16:04	5	92	23-01-2026 15:53	28-02-2025 20:18			
151	TEST-NETBOT-13 MAY	MPLS-LAN	universal	MPLS	10.110.110.165/32	any	any	LAN	192.168.0.105/32	any	any	any	Allow	Profile Group: RDCC Bank	Traffic log sent at session end	21948097	06-06-2026 12:49	11-09-2025 19:01	132	7	14-05-2025 16:12	13-05-2025 15:44			
152	FORTINET AND PALOALTO	MPLS-LAN	universal	MPLS	10.110.110.160/29;10.110.110.240-29	any	any	LAN	any	any	any	any	Allow	Profile Group: RDCC Bank	Traffic log sent at session end	5465351	06-06-2026 12:48	06-06-2025 19:16	69	1	14-09-2025 23:29	14-05-2025 13:16			
153	Jump Server to Orch	MPLS-LAN	universal	LAN	Jump Server Network	any	any	MPLS	ORCH Lan IP	any	any	ICMP;service-https	Allow	Profile Group: RDCC Bank	Traffic log sent at session end	146	02-12-2025 19:29	02-12-2025 19:29	1	186	02-12-2025 19:27	02-12-2025 19:27			
154	LOG-360 ACCES	MPLS-LAN	universal	MPLS	172.29.190.60/32	any	any	LAN	192.168.11.192/32	any	any	8384;SYSLOG 514	Allow	Profile Group: RDCC Bank	Traffic log sent at session end	59413	10-10-2025 14:11	21-05-2025 11:14	3	337	14-09-2025 23:29	14-05-2025 13:16			
155	OPMANAGER ACCESS TO FATPIPE	LAN-MPLS	universal	LAN	192.168.11.195/32	any	any	MPLS	10.19.19.2/32;10.110.110.160/29;10.110.110.240-29	any	any	161	Allow	Profile Group: RDCC Bank	Traffic log sent at session end	1700	11-09-2025 16:54	02-07-2025 10:38	1	339	11-09-2025 18:44	14-05-2025 14:42			
156	RECONE PORTAL ACCES	none	universal	LAN	192.168.0.96/32;192.168.0.123/32;192.168.0.127/32;192.168.0.133/32;192.168.0.140/32;192.168.0.244	any	any	MPLS	10.100.15.244/32;172.20.1.2/32;172.20.1.5/32	any	any	service-https;TCP-5400;TCP-5401	Allow	Profile Group: RDCC Bank	Traffic log sent at session end	3876	11-03-2026 15:22	15-09-2025 16:27	1	264	13-03-2026 17:03	15-09-2025 16:19			
157	SIL TO UAT COMMUNICATION	none	universal	MPLS	10.104.12.28/32	any	any	LAN	172.29.19.182/32	any	any	TCP_8443	Allow	Profile Group: RDCC Bank	Traffic log sent at session end	1	09-10-2025 17:35	09-10-2025 17:35	-	-	09-10-2025 16:44	09-10-2025 16:44			
158	BRANCH TO NEW EPC	MPLS-LAN	universal	MPLS	172.16.0.0/16	any	any	LAN	172.29.19.80/32	any	any	any	Allow	Profile Group: RDCC Bank	Traffic log sent at session end	412	03-01-2026 18:31	03-01-2026 18:24	1	154	03-01-2026 17:56	03-01-2026 17:46			
159	SIL DR DRILL-16-JAN-2026	MPLS-LAN	universal	MPLS	10.111.19.23/32;10.111.19.37/32;10.111.19.39/32;10.111.19.76/32	any	any	LAN	192.168.11.169/32;192.168.11.175/32	any	any	ATM-9100;IMPS-7100;IMPS-9093	Allow	Profile Group: RDCC Bank	Traffic log sent at session end	358	18-01-2026 05:18	16-01-2026 11:45	1	139	16-01-2026 11:27	16-01-2026 11:27			
160	[Disabled]  IDBI NATTING	[Disabled]  MPLS-LAN	[Disabled] universal	[Disabled]  MPLS	[Disabled]  10.110.110.165/32	[Disabled]  any	[Disabled]  any	[Disabled]  LAN	[Disabled]  192.168.0.238/32	[Disabled]  any	[Disabled]  any	[Disabled]  any	[Disabled]  Allow	Profile Group: RDCC Bank	Traffic log sent at session end	0	-	-	-	-	01-06-2026 13:26	15-12-2025 17:00			
161	[Disabled]  NACH-TATA	[Disabled]  MPLS-LAN	[Disabled] universal	[Disabled]  MPLS	[Disabled]  any	[Disabled]  any	[Disabled]  any	[Disabled]  LAN	[Disabled]  10.10.160.9/32;[Disabled]  10.10.160.10/32;[Disabled]  10.110.110.165/32	[Disabled]  any	[Disabled]  any	[Disabled]  any	[Disabled]  Allow	Profile Group: RDCC	Traffic log sent at session end	0	-	-	-	-	09-12-2025 18:38	01-03-2025 11:44			
162	[Disabled]  NACH_RULE_WAN	[Disabled]  LAN-WAN	[Disabled] universal	[Disabled]  LAN	[Disabled]  DC_OLD_SUBNET	[Disabled]  any	[Disabled]  any	[Disabled]  WAN	[Disabled]  any	[Disabled]  any	[Disabled]  any	[Disabled]  any	[Disabled]  Allow	none	Traffic log sent at session end	408952	09-12-2025 14:58	12-09-2025 01:07	2	267	09-12-2025 14:58	04-03-2025 16:26			
163	[Disabled]  Firewall_airtel	[Disabled]  LAN-WAN	[Disabled] universal	[Disabled]  LAN	[Disabled]  10.10.160.7/32	[Disabled]  any	[Disabled]  any	[Disabled]  WAN	[Disabled]  any	[Disabled]  any	[Disabled]  any	[Disabled]  any	[Disabled]  Allow	none	Traffic log sent at session end	0	-	-	-	-	10-09-2025 11:12	01-03-2025 12:03			
164	[Disabled]  MPLS-LAN-18	[Disabled]  MPLS-LAN	[Disabled] universal	[Disabled]  MPLS	[Disabled]  10.10.240.1/32;[Disabled]  10.11.150.0/24;[Disabled]  10.110.110.162/32;[Disabled]  10.110.110.241/32;[Disabled]  10.110.110.242/32	[Disabled]  any	[Disabled]  any	[Disabled]  LAN	[Disabled]  10.10.240.0/24;[Disabled]  10.10.250.0/24;[Disabled]  172.29.15.0/24;[Disabled]  172.29.19.102/32;[Disabled]  172.29.19.204/32;[Disabled]  192.168.11.0/24	[Disabled]  any	[Disabled]  any	[Disabled]  any	[Disabled]  Allow	Profile Group: RDCC Bank	Traffic log sent at session end	113122	14-09-2025 04:54	13-05-2025 14:38	9	346	14-09-2025 22:07	09-05-2025 11:00			
165	[Disabled]  NTP_Internet_access1	[Disabled] none	[Disabled] universal	[Disabled]  LAN	[Disabled]  192.168.11.143	[Disabled]  any	[Disabled]  any	[Disabled]  WAN	[Disabled]  any	[Disabled]  any	[Disabled]  any	[Disabled]  any	[Disabled]  Allow	Antivirus: default;Anti-Spyware: strict;Vulnerability Protection: strict	Traffic log sent at session end	1723	24-02-2026 17:24	24-02-2026 13:19	3	102	24-02-2026 17:25	24-02-2026 13:17			
166	[Disabled]  SOC_SEQURETEK_LAN-REMOTE	[Disabled]  LAN-MPLS	[Disabled] universal	[Disabled]  LAN	[Disabled]  SOC_CONNECTOR	[Disabled]  any	[Disabled]  any	[Disabled]  MPLS	[Disabled]  172.24.46.50/32;[Disabled]  172.24.46.51/32;[Disabled]  172.24.46.52/32;[Disabled]  172.24.46.53/32;[Disabled]  172.24.46.54/32;[Disabled]  SOC_LOGGER_SERVER	[Disabled]  any	[Disabled]  any	[Disabled]  RDP_3389	[Disabled]  Allow	Profile Group: RDCC	Traffic log sent at session end	0	-	-	-	-	14-09-2025 19:23	28-02-2025 20:18			
167	[Disabled]  SOC_SEQUETEK_WAN	[Disabled]  MPLS-LAN	[Disabled] universal	[Disabled]  MPLS	[Disabled]  SOC_LOGGER_SERVER	[Disabled]  any	[Disabled]  any	[Disabled]  LAN	[Disabled]  SOC_CONNECTOR	[Disabled]  any	[Disabled]  any	[Disabled]  SOC_PORT_I;[Disabled]  SOC_PORT_I-1;[Disabled]  SOC_PORT_I-1-1	[Disabled]  Allow	Profile Group: RDCC	Traffic log sent at session end	0	-	-	-	-	01-06-2026 13:26	03-03-2025 13:05			
168	[Disabled]  NEW EPC TO BRANCH	[Disabled]  LAN-MPLS	[Disabled] universal	[Disabled]  LAN	[Disabled]  172.29.19.80/32	[Disabled]  any	[Disabled]  any	[Disabled]  MPLS	[Disabled]  172.16.0.0/16	[Disabled]  any	[Disabled]  any	[Disabled]  any	[Disabled]  Allow	Profile Group: RDCC Bank	Traffic log sent at session end	0	-	-	-	-	01-06-2026 13:26	03-01-2026 17:56			
169	[Disabled]  CSMi_Access	[Disabled] none	[Disabled] universal	[Disabled]  LAN	[Disabled]  192.168.0.0/24	[Disabled]  any	[Disabled]  any	[Disabled]  WAN	[Disabled]  66.96.161.161;[Disabled]  CSMI_RBI_ORG	[Disabled]  any	[Disabled]  any	[Disabled]  service-http;[Disabled]  service-https	[Disabled]  Allow	Profile Group: RDCC Bank	Traffic log sent at session end	0	-	-	-	-	27-01-2026 18:53	21-01-2026 12:20			
170	[Disabled]  UAT_Server_Access	[Disabled] none	[Disabled] universal	[Disabled]  MPLS	[Disabled]  172.16.48.0/24	[Disabled]  any	[Disabled]  any	[Disabled]  LAN	[Disabled]  172.29.19.98	[Disabled]  any	[Disabled]  any	[Disabled]  application-default	[Disabled]  Allow	Profile Group: RDCC Bank	Traffic log sent at session end	0	-	-	-	-	01-06-2026 13:26	26-02-2026 15:57			
171	[Disabled]  TOWARD  SOC	[Disabled]  LAN-WAN	[Disabled] universal	[Disabled]  LAN	[Disabled]  192.168.11.191/32	[Disabled]  any	[Disabled]  any	[Disabled]  WAN	[Disabled]  172.24.46.50/32	[Disabled]  any	[Disabled]  any	[Disabled]  any	[Disabled]  Allow	none	Traffic log sent at session end	0	-	-	-	-	01-06-2026 13:26	06-03-2026 16:41			
172	[Disabled]  Pam Acces	[Disabled]  LAN-MPLS	[Disabled] universal	[Disabled]  LAN	[Disabled]  192.168.11.191/32	[Disabled]  any	[Disabled]  any	[Disabled]  MPLS	[Disabled]  172.29.190.0/24;[Disabled]  192.168.115.0/24	[Disabled]  any	[Disabled]  any	[Disabled]  any	[Disabled]  Allow	Profile Group: RDCC Bank	Traffic log sent at session end	0	-	-	-	-	01-06-2026 13:26	17-03-2026 15:53			
173	[Disabled]  PALI ATM TO EJ	[Disabled]  MPLS-LAN	[Disabled] universal	[Disabled]  MPLS	[Disabled]  172.21.19.21/32	[Disabled]  any	[Disabled]  any	[Disabled]  LAN	[Disabled]  172.29.19.15/32	[Disabled]  any	[Disabled]  any	[Disabled]  TCP_ 7080;[Disabled]  TCP_6105	[Disabled]  Allow	Profile Group: RDCC Bank	Traffic log sent at session end	0	-	-	-	-	01-06-2026 13:26	02-04-2026 15:59			
174	AAdhar_seeding	none	universal	MPLS	10.101.17.50/32	any	any	LAN	192.168.11.152/32	any	any	TCP_9092	Allow	Profile Group: RDCC Bank	Traffic log sent at session end	0	-	-	-	-	03-06-2026 17:16	03-06-2026 17:16			
175	intrazone-default	none	intrazone	any	any	any	any	(intrazone)	any	any	any	any	Allow	none	none	17213036	06-06-2026 12:46	06-02-2025 17:43	-	-	05-02-2025 15:15	05-02-2025 15:15			
176	interzone-default	none	interzone	any	any	any	any	any	any	any	any	any	Deny	none	none	355699698	06-06-2026 12:46	26-02-2025 01:58	-	-	05-02-2025 15:19	05-02-2025 15:19			
